<?xml version="1.0" encoding="UTF-8"?>
<project-private xmlns="http://www.netbeans.org/ns/project-private/1">
    <editor-bookmarks xmlns="http://www.netbeans.org/ns/editor-bookmarks/2" lastBookmarkId="0"/>
    <open-files xmlns="http://www.netbeans.org/ns/projectui-open-files/2">
        <group>
            <file>file:/C:/Users/USER/Desktop/University%20Database/src/universitydb/TeacherPanelController.java</file>
            <file>file:/C:/Users/USER/Desktop/University%20Database/src/universitydb/Result.java</file>
            <file>file:/C:/Users/USER/Desktop/University%20Database/src/universitydb/QueryController.java</file>
            <file>file:/C:/Users/USER/Desktop/University%20Database/src/universitydb/FXMLDocumentController.java</file>
            <file>file:/C:/Users/USER/Desktop/University%20Database/src/universitydb/StudentPanelController.java</file>
            <file>file:/C:/Users/USER/Desktop/University%20Database/src/universitydb/InfoController.java</file>
            <file>file:/C:/Users/USER/Desktop/University%20Database/src/universitydb/ViewGradesController.java</file>
        </group>
    </open-files>
</project-private>
